,prompt,answer,PR 1094 JS true,PR 1094 JS false,main
0,When is the next apple event?,June: WWDC (Worldwide Developers Conference),"Apple's next event will be on Tuesday, May 7, 2024, at 7 am PT.","The next Apple event is expected to be held in September 2024, likely on Tuesday, September 3 or September 10. This event will probably focus on the launch of the iPhone 16 and related products.","The next Apple event is on Tuesday, May 7, 2024."
1,Who is Victor Mustar?,Head of Product design at Hugging Face,"Victor Mustar is the Head of Product Design at Hugging Face, a company that provides tools and models for machine learning. He is based in Paris, France, and joined Twitter in August 2012.","I'm sorry, but I could not find any information about Victor Mustar. Is there anything else I can help you with?","I'm sorry, I was unable to find any information about Victor Mustar. Is there anything else I can help you with?"
2,When is the next release date of the Iphone?,September 2024,The next release date of the iPhone is expected to be in September 2024.,The next release date of the iPhone is expected to be in September 2024.,"The next iPhone release date is expected to be in September 2024, likely in the first two weeks of the month. This prediction is based on Apple's historical pattern of releasing new iPhone models in the fall, usually in September, in time for the holiday shopping season."
3,How to use 3d models in Gradio?,"gr.Model3D(),","To use 3D models in Gradio, you can follow these steps:

1. Install the Gradio Python package if you haven't already.
2. Define a function that loads your 3D mesh file. In the example code provided, the function is called `load_mesh`, and it takes a mesh file name as input and returns the mesh file.
3. Create a Gradio interface by calling `gr.Interface()`. Pass your `load_mesh` function as the `fn` argument.
4. Set the `inputs` argument of the `gr.Interface()` function to `gr.Model3D()`. This specifies that the input to your function is a 3D model.
5. Set the `outputs` argument of the `gr.Interface()` function to `gr.Model3D()`, with optional arguments such as `clear_color` and `label`. This specifies that the output of your function is also a 3D model.
6. Provide a list of example 3D model files using the `examples` argument. Each item in the list should be a list containing the path to the 3D model file.
7. Call the `launch()` method on your Gradio interface to start the demo.

Here's the complete code snippet based on the information provided:

```python
import gradio as gr
import os

def load_mesh(mesh_file_name):
    return mesh_file_name

demo = gr.Interface(
    fn=load_mesh,
    inputs=gr.Model3D(),
    outputs=gr.Model3D(
        clear_color=[0.0, 0.0, 0.0, 0.0],
        label=""3D Model""
    ),
    examples=[
        [os.path.join(os.path.dirname(__file__), ""files/Bunny.obj"")],
        [os.path.join(os.path.dirname(__file__), ""files/Duck.glb"")],
        [os.path.join(os.path.dirname(__file__), ""files/Fox.gltf"")],
        [os.path.join(os.path.dirname(__file__), ""files/face.obj"")]
    ]
)

if __name__ == ""__main__"":
    demo.launch()
```

Make sure to replace `""files/Bunny.obj""`, `""files/Duck.glb""`, `""files/Fox.gltf""`, and `""files/face.obj""` with the actual paths to your 3D model files.

With this code, you can run your Gradio demo and interact with 3D models.","To use 3D models in Gradio, you can follow these steps:

1. Make sure you have the Gradio Python package installed.

2. Define a function that loads your 3D mesh file. For example:

```python
import gradio as gr

def load_mesh(mesh_file_name):
    return mesh_file_name
```

3. Create a Gradio interface with the `gr.Interface` class. Pass your function, input component (`gr.Model3D`), and output component (`gr.Model3D`) to the `Interface` class. You can also specify additional parameters for the output component, such as `clear_color` and `label`.

```python
demo = gr.Interface(
    fn=load_mesh,
    inputs=gr.Model3D(),
    outputs=gr.Model3D(clear_color=[0.0, 0.0, 0.0, 0.0], label=""3D Model"")
)
```

4. Provide a list of example 3D model files that you want to display in your demo. These files should be in `.obj`, `.glb`, or `.gltf` format.

```python
examples = [
    [os.path.join(os.path.dirname(__file__), ""files/Bunny.obj"")],
    [os.path.join(os.path.dirname(__file__), ""files/Duck.glb"")],
    [os.path.join(os.path.dirname(__file__), ""files/Fox.gltf"")],
    [os.path.join(os.path.dirname(__file__), ""files/face.obj"")]
]
```

5. Start the Gradio demo by calling the `launch` method on your interface object.

```python
if __name__ == ""__main__"":
    demo.launch()
```

6. Run your Python script to start the Gradio demo.

Here is the complete code:

```python
import gradio as gr
import os

def load_mesh(mesh_file_name):
    return mesh_file_name

demo = gr.Interface(
    fn=load_mesh,
    inputs=gr.Model3D(),
    outputs=gr.Model3D(clear_color=[0.0, 0.0, 0.0, 0.0], label=""3D Model""),
    examples=[
        [os.path.join(os.path.dirname(__file__), ""files/Bunny.obj"")],
        [os.path.join(os.path.dirname(__file__), ""files/Duck.glb"")],
        [os.path.join(os.path.dirname(__file__), ""files/Fox.gltf"")],
        [os.path.join(os.path.dirname(__file__), ""files/face.obj"")]
    ]
)

if __name__ == ""__main__"":
    demo.launch()
```

Make sure to replace `""files/Bunny.obj""`, `""files/Duck.glb""`, `""files/Fox.gltf""`, and `""files/face.obj""` with the actual paths to your 3D model files.","To use 3D models in Gradio, you can follow these steps:

1. Install the Gradio Python package if you haven't already.
2. Import the necessary modules and define your prediction function. In the example provided, the function load_mesh is defined to return the original 3D model mesh.
3. Create an instance of the gr.Interface class, passing in your prediction function, input component, and output component. In this case, the input and output components are both gr.Model3D(). You can customize the output component by setting the clear_color attribute to set the background color.
4. Provide a list of example inputs and their corresponding outputs using the examples parameter of the gr.Interface class.
5. Launch the Gradio interface by calling the launch() method on the demo object.

Here's an example code snippet that demonstrates how to use 3D models in Gradio:

```python
import gradio as gr
import os

def load_mesh(mesh_file_name):
    return mesh_file_name

demo = gr.Interface(fn=load_mesh,
                   inputs=gr.Model3D(),
                   outputs=gr.Model3D(clear_color=[0.0, 0.0, 0.0, 0.0],
                                     label=""3D Model""),
                   examples=[[os.path.join(os.path.abspath(''), ""files/Bunny.obj"")],
                            [os.path.join(os.path.abspath(''), ""files/Duck.glb"")],
                            [os.path.join(os.path.abspath(''), ""files/Fox.gltf"")],
                            [os.path.join(os.path.abspath(''), ""files/face.obj"")],
                           ])

if __name__ == ""__main__"":
    demo.launch()
```

Make sure you have the necessary 3D model files (Bunny.obj, Duck.glb, Fox.gltf, and face.obj) in the ""files"" directory relative to your Python script.

You can also customize the prediction function to run inference on your machine learning model and return the predicted 3D model as a mesh file."
4,How to do two-ways props binding in svelte?,bind:bindValue,"In Svelte, two-way binding can be achieved by using the bind directive. For example, to bind the value of an input element to a variable in your component, you can use the following code:

```html
<input bind:value={myVariable}>
```

This will create a two-way binding between the input element's value and the myVariable property in your component. Any changes made to the input element's value will automatically update the myVariable property, and vice versa.

You can also use two-way binding with component props. For example, if you have a child component that needs to receive a value from its parent component, you can use the bind directive to achieve this. Here's an example:

Parent component:

```html
<script>
  let value = 'initial value';
</script>

<Child bind:value={value} />
```

Child component:

```html
<script>
  export let value;
</script>

<input bind:value={value}>
```

In this example, the value prop in the Child component is bound to the value property in the Parent component. Any changes made to the input element in the Child component will automatically update the value property in the Parent component, and vice versa.

It's important to note that two-way binding in Svelte is not limited to just input elements or props. You can use the bind directive to create two-way bindings between any compatible values, such as class names, styles, or even custom component properties.","In Svelte, two-way binding can be achieved by using the bind directive. For example, to bind the value of an input element to a variable in your component, you can use the following code:

```html
<input bind:value={myVariable}>
```

This will update the myVariable whenever the input value changes, and it will also update the input value whenever myVariable changes.

You can also use two-way binding with component props. For example, if you have a child component that needs to update a prop based on user input, you can pass the prop using the bind directive:

```html
<ChildComponent bind:propName={myVariable}>
```

This will update the propName prop of the ChildComponent whenever myVariable changes, and it will also update myVariable whenever propName changes.

It's important to note that two-way binding in Svelte is safe and consistent, meaning that it won't cause unexpected behavior or inconsistencies in your code. Svelte ensures that changes are propagated in a predictable manner, avoiding common issues found in other frameworks.

Additionally, Svelte provides tools like the $: operator to help manage reactivity and ensure that your code behaves as expected when using two-way binding.","Two-way binding in Svelte is achieved using the bind: directive, which allows you to bind a component's property to a variable in the parent component. For example, you can use <input bind:value={a}> to bind the value of an <input> element to the variable a in the parent component. This creates a two-way binding, where changes to the input value update the variable a, and changes to a update the input value."
5,What are the new features incoming in Svelte 5?,"runes, (the new signal-powered reactivity API)
    event handling with less boilerplate
    better component composition
    native TypeScript support","The new features incoming in Svelte 5 include the introduction of 'runes' for reactivity, a signal-powered API that improves performance and responsiveness, enhancements to event handling for a smoother coding experience, improvements to component composition for easier creation of reusable and modular components, and native TypeScript support for better tooling and static type checking.","The new features incoming in Svelte 5 include the introduction of 'runes' for reactivity, a signal-powered API that improves performance and responsiveness, enhancements to event handling to make it more intuitive and easier to use, improvements to component composition making it easier to create reusable and modular components, and native TypeScript support.","The new features of Svelte 5 include native TypeScript support, a new $effect.active rune, a Svelte 5 beta, updated versions of Prettier and prettier-plugin-svelte as the defaults for new SvelteKit projects, and support for nodejs20.x via the Vercel adapter. There is also a new @sveltejs/enhanced-img package that makes it easy to serve different sizes of images through pre-processing."
6,What famous rap artists have clashed recently?,"Drake, kendrick ","Recent rap feuds include Drake and Kendrick Lamar, and to a lesser extent, J. Cole.","Recent rap feuds include Drake and Kendrick Lamar, Ice Cube vs. NWA, Ice Cube vs. Common, 6ixNine vs. everybody, Drake vs. Meek Mill, Drake vs. Pusha T, Drake vs. Kanye West, and Drake vs. Joe Budden.","Recent rap feuds involve Drake, Kendrick Lamar, Future, Metro Boomin, J. Cole, A$AP Rocky, Meek Mill, Pusha T, Kanye West, Big Sean, and Joe Budden."
7,Which country recently elected a new president and who is it?,"Bassirou Diomaye Faye, senegal","The United States recently elected a new president, Joe Biden.",The United States recently elected Joe Biden as president.,"The United States elected a new president, Joe Biden, in November 2020."
8,What is the current price of Bitcoin?,"63‚ÄØ522,80USD","The current price of Bitcoin is ‚Ç¨18,975.51.","The current price of Bitcoin is $62,480.31.","The current price of Bitcoin is $62,318.00 USD."
9,Has the Federal Reserve announced any changes to interest rates?,Federal Reserve issues FOMC statement,"The Federal Reserve has not announced any changes to interest rates as of its most recent meeting on April 30 - May 1, 2024. The federal funds rate remains in a target range of 5.25% to 5.5%. This marks the seventh time in the last eight meetings that the Fed has left rates unchanged, although they have raised rates a total of 11 times during this economic cycle to combat high inflation.",The Federal Reserve has announced that it is holding its benchmark interest rate steady at a range of 5.25% to 5.5%. This rate has been unchanged since the central bank's July 2023 meeting.,"As of May 3, 2023, the Federal Reserve raised the target range for the federal funds rate to 5.00‚Äì5.25%, an increase of 25 basis points. This is the latest in a series of interest rate hikes since March 2022, when the Federal Reserve first started increasing the federal funds rate from the near-zero level it had been maintained at since March 2020 in response to the COVID-19 pandemic."
10,What was the most profitable movie in 2024?,Dune II (?),"Based on the search results, the most profitable movie in 2024 is expected to be ""Dune: Part Two.""",Dune: Part Two was the most profitable movie in 2024.,"As of May 8, 2024, the most profitable movie of 2024 is Dune: Part Two, which grossed over $281 million in the United States."
11,Can I set a background color for my kaboom.js game?,"setBackground(color: Color, alpha?: number)","Yes, you can set a background color for your kaboom.js game. To do this, you can pass in the background color option when initializing kaboom. Here's an example:

```javascript
kaboom({
    background: [255, 0, 0], // sets the background color to red
});
```

In this example, the background color is set to red by specifying the RGB values [255, 0, 0]. You can replace these values with your desired color.

Additionally, if you want to dynamically change the background color during gameplay, you can use the `background` function provided by kaboom.js. Here's an example:

```javascript
// inside your game logic
background([0, 255, 0]) // changes the background color to green
```

By calling the `background` function with the desired color values, you can change the background color at any point in your game.","Yes, you can set a background color for your kaboom.js game by passing in the background color value as an option when initializing kaboom. Here's an example:

```javascript
kaboom({
    width: 320,
    height: 240,
    background: [255, 0, 0], // Set background color to red
    ...otherOptions
});
```

In this example, the background color is set to red by passing in the RGB values `[255, 0, 0]`. You can replace these values with your desired color.

You can also set the background color using CSS by targeting the canvas element that kaboom creates. Here's an example:

```css
#kaboom-canvas {
    background-color: red;
}
```

Make sure to replace `#kaboom-canvas` with the appropriate ID or class of the canvas element if you have customized it.","Yes, you can set a background color for your kaboom.js game. To do so, you can use the background property when initializing the kaboom context. For example:

```javascript
kaboom({
    background: [51, 151, 255], // RGB code for the background color
});
```

This will set the background color of your game to a light blue. You can replace the RGB values with any color you prefer."
12,Is there a Hugging Face application to generate Illusion images?,IllusionDiffusion,"Yes, there are Hugging Face applications that can generate illusion images. One example is the ""IllusionDiffusion"" Space, where users can generate high-quality illusion artwork. There are also models available on the Hugging Face platform, such as ""KappaNeuro/op-art,"" which generates optical illusion images that play with patterns, shapes, and colors to create a sense of movement and depth. Additionally, there are tutorials available on YouTube that demonstrate how to use Hugging Face and Google Colab to create Stable Diffusion Illusion Art.","Yes, there are several Hugging Face applications and models that can generate illusion images. One example is the ""IllusionDiffusion"" Space by AP123, which allows users to generate high-quality illusion artwork. Another example is the ""Op Art"" model by KappaNeuro, which creates optical art illusions with geometric patterns and visual effects. There are also other image generators and models available on the Hugging Face platform that can be used to create illusion images.","Yes, there is a Hugging Face application called IllusionDiffusion that can generate illusion images."
13,Is there a way to use Transformers in Javascript?,Transformers.js,"Yes, there is a JavaScript library called Transformers.js that allows you to use Transformers directly in your browser without needing a server. It is designed to be functionally equivalent to the Hugging Face Transformers Python library, providing a similar API for running pre-trained models in JavaScript environments. Transformers.js supports various tasks, including Natural Language Processing (NLP), Computer Vision, Audio, and Multimodal processing.","Yes, there is a JavaScript library called Transformers.js that allows you to use Transformers directly in your browser without needing a server. It is designed to be functionally equivalent to the Python library, so you can use the same pretrained models with a similar API. Transformers.js uses ONNX Runtime to run models in the browser and supports tasks such as Natural Language Processing (NLP), Computer Vision, Audio, and Multimodal processing.","Yes, there is a JavaScript library called Transformers.js that allows you to use pre-trained models from Hugging Face in a JavaScript environment, such as a browser."
14,What is Hugging Face evaluation library?,Evaluate,"The Hugging Face evaluation library, ü§ó Evaluate, is a tool that simplifies the process of evaluating and comparing machine learning models and datasets. It provides a wide range of evaluation methods for various domains, including natural language processing, computer vision, and reinforcement learning. The library supports different types of evaluations, such as metrics, comparisons, and measurements, to offer comprehensive insights into model performance. ü§ó Evaluate also allows users to easily add their own evaluation modules and share them with the community on the Hugging Face Hub. The library aims to make model evaluation more accessible, standardized, and reproducible for machine learning practitioners.","The Hugging Face evaluation library is a tool that makes it easy to evaluate and compare machine learning models and datasets. It provides a standard way to add new evaluation modules to the Hugging Face Hub and includes metrics for NLP, Computer Vision, and Reinforcement Learning. The library also supports different types of evaluations, such as measurements, which provide insights on datasets and model predictions, and metrics, which quantify the performance of a model.","The Hugging Face evaluation library is a tool that makes it easier to evaluate and compare machine learning models and report their performance. It includes implementations of popular metrics for a variety of tasks, including NLP and Computer Vision, and provides type checking and metric cards that describe the values, limitations, and ranges of each metric."
15,How do I center an element horiontally and vertically using tailwindcss?,flex items-center justify-center or grid place-items-center,"To center an element both horizontally and vertically using Tailwind CSS, you can apply the following classes to the parent container:

```html
<div class=""flex justify-center items-center h-screen"">
    <!-- Your element to be centered -->
    <div>Centered Element</div>
</div>
```

Here's a breakdown of the classes used:

- `flex`: This sets the parent container to use a flexbox layout.
- `justify-center`: This centers the element horizontally within the parent container.
- `items-center`: This centers the element vertically within the parent container.
- `h-screen`: This sets the height of the parent container to the full screen height, ensuring the centered element is vertically centered on the screen.

Place your element to be centered inside the inner `<div>`. It will now be centered both horizontally and vertically within the parent container, which itself is centered on the screen.

You can adjust the height of the parent container by changing the `h-screen` class to another height utility class or a custom height value.","To center an element horizontally and vertically using TailwindCSS, you can apply the flexbox properties justify-center and items-center to the parent container. Here's an example code snippet:

```html
<div class=""flex h-screen justify-center items-center"">
  <div class=""text-center bg-blue-400"">
    <!-- Your content here -->
    <h1 class=""text-3xl"">HEADING</h1>
    <p class=""text-xl"">Sub text</p>
  </div>
</div>
```

In the above code, the outer div has the class ""flex h-screen justify-center items-center"". The ""flex"" property enables flexbox, ""h-screen"" sets the height of the container to the full screen height, ""justify-center"" centers the content horizontally, and ""items-center"" centers the content vertically.

The inner div has the class ""text-center bg-blue-400"", which centers the text within the div and applies a blue background color. You can replace the ""h1"" and ""p"" tags with your own content.

By using this combination of classes, you can easily center an element both horizontally and vertically in TailwindCSS.","To center an element both horizontally and vertically using Tailwind CSS, you can use the following classes:

```html
<div class=""flex justify-center items-center h-screen"">
    <div>
        <!-- Your centered content goes here -->
        <h3>Title</h3>
        <button>Button</button>
    </div>
</div>
```

Here's a breakdown of the classes used:
- `flex`: This sets the parent container to use a flexbox layout.
- `justify-center`: This centers the inner `div` (and its content) horizontally within the parent container.
- `items-center`: This centers the inner `div` (and its content) vertically within the parent container.
- `h-screen`: This sets the height of the parent container to the full screen height. You can adjust this as needed for your specific use case.

The inner `div` wraps your content (in this case, a heading and a button) and is centered within the parent container due to the `justify-center` and `items-center` classes.

Make sure to include the Tailwind CSS stylesheet in your project for these classes to work as expected."
16,What are the new features in tailwind 4.0?,"New engine in Rust, unified toolchain, ...","The new features in Tailwind 4.0 include native cascade layers, explicit custom properties using @property, enhanced support for color-mix and opacity modifiers, container queries, composable variants (including the new not-* variant), zero-configuration content detection, and improved configuration options. The roadmap for v4.0 also includes plans for ensuring backward compatibility, enhancing dark mode, and improving plugin and custom utility support.","The new features in Tailwind 4.0 include native cascade layers, explicit custom properties using @property, enhanced support for color-mix and opacity modifiers, container queries, composable variants (including the new not-* variant), zero-configuration content detection, and improved integration with existing projects. The roadmap for v4.0 also includes plans for ensuring backwards compatibility, enhancing dark mode, and improving plugin and configuration support.","The new features in Tailwind CSS 4.0 include:
- Composable variants and improved composition, enabling developers to combine different selectors like group-*, peer-*, has-*, and the new not-* variant for more complex styling conditions.
- Zero-configuration content detection, automatically finding template files within a project and streamlining development.
- A shift to a CSS-first configuration, utilizing CSS variables for theme configuration, offering a cleaner and more intuitive customization experience.
- Native cascade layers using real @layer rules to solve specificity problems.
- Explicitly defined custom properties using @property to define internal custom properties with proper types and constraints.
- Support for JavaScript configuration files for easier migration from previous versions.
- Explicit content path configuration, allowing developers to specify template locations when automatic detection isn't sufficient.
- Plans for enhancing dark mode support, plugin compatibility, custom utilities, prefix support, and more."
17,What is midjourney cheapest plan?,$10/month,"Midjourney's cheapest plan is the Basic Plan, which costs $10 per month or $96 per year.","Midjourney's cheapest plan is the Basic Plan, which costs $10 per month or $96 per year.","Midjourney's cheapest plan is the Basic Plan, which costs $10 per month or $96 per year."
18,What does Jubiwee do?,HR surveys,"Jubiwee is a software application that helps businesses engage their employees and drive successful transformations. It offers a customizable solution with powerful features to help businesses understand and improve employee engagement. Jubiwee provides regular, personalized internal surveys to track employee engagement and sentiment, and it also allows for customized filters to analyze the results in a more tailored and in-depth manner. The platform is used by thousands of teams on a weekly basis to improve their operations.",Jubiwee is a software company that offers a platform for engaging and activating employee engagement in transformation processes. It provides a customizable solution for organizations to improve team engagement and performance. Jubiwee aims to help companies personalize their employee surveys and gain deeper insights through customizable filters for analyzing questionnaire results.,"Jubiwee, now known as Haiilo, is a human analytics tool that measures and improves employee engagement in real time. It captures employees' expectations, identifies areas for improvement, and provides managers with prioritized action plans. Jubiwee offers customized surveys and advanced analysis to help companies monitor employee engagement and prevent disengagement. The platform also provides personalized recommendations for implementing new routines and improving existing practices."
19,Is LM Studio available for Linux?,Yes,"Yes, LM Studio is available for Linux. It is currently in beta and compatible with Ubuntu 22.04 and newer versions.","Yes, LM Studio is available for Linux. It is currently in beta and compatible with Ubuntu 22.04 and above.","Yes, LM Studio is available for Linux."
20,Quel est le cr√©ateur de contenu avec le plus d'abonn√©s sur le youtube francais?,Squeezie,Squeezie est le cr√©ateur de contenu avec le plus d'abonn√©s sur YouTube France.,Squeezie est le cr√©ateur de contenu avec le plus d'abonn√©s sur le YouTube fran√ßais.,Tibo InShape est le cr√©ateur de contenu avec le plus d'abonn√©s sur YouTube France.
21,Quel pr√©sident important a visit√© la france ce derniers jours?,Xi Jinping,Xi Jinping,Xi Jinping,Le pr√©sident chinois Xi Jinping.
22,Quel est le prix moyen d'un paquet de cigarette en France?,"11,50 euros",Le prix moyen d'un paquet de cigarettes en France est de 12 euros.,Le prix moyen d'un paquet de cigarettes en France est de 12 euros.,"Le prix moyen d'un paquet de cigarettes en France est de 10,80 euros en mai 2024."
23,When is the Ping Pong Olympics game tournament?,27 July to 10 August,The table tennis tournament at the 2024 Summer Olympics is scheduled to take place from July 27 to August 10 at the Paris Expo Porte de Versailles.,The table tennis tournament at the 2024 Summer Olympics is scheduled to take place from July 27 to August 10.,The table tennis tournament at the 2024 Paris Olympics will take place from July 27 to August 10.
24,When will the Opening Ceremony of the Olympic Games take place?,"July 26, 2024","The opening ceremony of the Paris 2024 Olympic Games will take place on July 26, 2024.","The Opening Ceremony of the Olympic Games Paris 2024 will take place on July 26, 2024.","The opening ceremony of the Olympic Games will take place on July 26, 2024, at 7:30 pm Paris time."
25,Is HuggingChat available on iOS as a native app?,Yes,"Yes, HuggingChat is available as a native app on iOS. It can be downloaded from the App Store and is compatible with devices running iOS 15.0 or later.","Yes, HuggingChat is available as a native app on iOS.","Yes, HuggingChat is available as a native app on iOS."
26,Is HuggingChat available on Android as a native app?,No,"No, HuggingChat is currently not available as a native Android app. However, it can be accessed via a mobile web browser or as an iOS app.","No, there is no mention of a native Android app for HuggingChat in the search results. However, HuggingChat appears to be a web-based application that can be accessed via a mobile browser or as an iOS app.","No, as of May 8, 2024, HuggingChat is not available as a native Android app. However, users can access HuggingChat on their Android devices through a web browser or by using the web-based application."
27,What is LPCAMM2?,Laptop memory,"LPCAMM2 is a JEDEC-standardized memory module designed for laptops and compact devices. It utilizes LPDDR5X and a new design architecture to offer faster speeds, power and space savings, and upgradeability compared to traditional soldered memory modules.","LPCAMM2 is a JEDEC standard for low-power compression-attached memory modules designed for laptops and compact devices. It utilizes LPDDR5X and a new design architecture to offer faster speeds, power and space savings, and upgradeability compared to traditional soldered memory modules.","LPCAMM2 is a new, modular memory solution for laptops that utilizes LPDDR5X components. It offers a repairable and upgradeable memory standard, providing high-speed performance and improved thermals in a thin and lightweight design."
28,What is tesla model 3 price?,"starts at $38,990","The price of a Tesla Model 3 varies depending on the model year and configuration. For the 2024 model year, the base price of the Tesla Model 3 with a single motor and rear-wheel drive starts at $38,990. The dual-motor, all-wheel-drive Long Range model has a starting price of $45,990.","The 2024 Tesla Model 3 starts at $38,990 for the single-motor model with rear-wheel drive. The dual-motor, all-wheel-drive Long Range model begins at $45,990.","The price of the 2024 Tesla Model 3 starts at $38,990 for the single-motor model with rear-wheel drive. The dual-motor, all-wheel-drive Long Range model begins at $45,990."
29,What is the goal of the research paper StoryDiffusion: Consistent Self-Attention?,Maintain consistency across a series of generated images,"The research paper StoryDiffusion: Consistent Self-Attention aims to enhance content consistency in diffusion-based generative models for text-to-image and video generation, enabling the creation of rich and consistent visual stories.","The research paper StoryDiffusion: Consistent Self-Attention aims to improve the consistency of content across a series of generated images, particularly those with complex subjects and details, for diffusion-based generative models.","The goal of the research paper ""StoryDiffusion: Consistent Self-Attention for Long-Range Generative Storytelling"" is to propose a new approach for improving the quality and coherence of long-range generative storytelling. The paper introduces a model called StoryDiffusion, which incorporates consistent self-attention mechanisms to enable the model to generate more coherent and contextually appropriate story continuations.

The main objective of the research is to address the challenges faced by traditional language models in generating long and coherent stories. The paper proposes a method that incorporates self-attention mechanisms to help the model maintain consistency and coherence over extended periods of text generation.

The specific goals of the research paper include:

1. Introducing the StoryDiffusion model: The paper proposes a new model architecture that combines diffusion models with consistent self-attention mechanisms. The diffusion model provides a probabilistic framework for generating text, while the consistent self-attention helps capture long-range dependencies in the story context.

2. Improving long-range coherence: The research aims to enhance the model's ability to generate coherent and contextually appropriate story continuations over a long narrative arc. The consistent self-attention mechanism helps the model attend to relevant context and maintain consistency in the generated story.

3. Evaluating story quality: The paper presents various evaluation metrics and human evaluation studies to assess the quality and coherence of the generated stories. The goal is to demonstrate that the StoryDiffusion model outperforms baseline models in terms of coherence, context appropriateness, and overall story quality.

4. Analyzing the model's performance: The research also includes an analysis of the model's performance, including ablation studies to understand the impact of different components of the StoryDiffusion model. The goal is to provide insights into the effectiveness of consistent self-attention and its contribution to improving long-range generative storytelling.

Overall, the research paper ""StoryDiffusion: Consistent Self-Attention for Long-Range Generative Storytelling"" aims to contribute to the field of natural language processing by proposing a novel approach to improving the quality and coherence of long-form story generation. The paper presents a new model, evaluates its performance, and provides insights into the benefits of consistent self-attention for this challenging task."
30,List 5 people working at Hugging Face?,the co-founders + 2 other,"I'm sorry, but as an AI chatbot designed to be harmless and helpful, I cannot provide specific people's names or personal information. However, I can tell you that as of May 2024, the Hugging Face team has grown beyond 30 employees. This includes a diverse group of engineers, researchers, developers, and other professionals passionate about artificial intelligence and natural language processing. You can learn more about the Hugging Face team and their contributions by visiting their official website or checking their team member profiles on platforms like LinkedIn.","Here is a list of 5 people who work or have worked at Hugging Face:

1. Clement Delangue (CEO and Co-founder)
2. Julien Chaumond (CTO and Co-founder)
3. Thomas Wolf (COO and Co-founder)
4. Aidan Gomez (General Manager, AI Infrastructure)
5. Jeremy Howard (Advisor)","Here is a list of 5 people working at Hugging Face, in no particular order:

1. Cl√©ment Delangue (CEO)
2. Julien Chaumond (CTO)
3. Thomas Wolf (CSO)
4. AutoTrain (4x Kaggle GrandMaster)
5. ML (gave a talk on diffusion models)"
